('Mark','Love',114,'1996-06-04'),
('Keith','Bailey',112,'1987-10-07'),
('April','Jones',189,'1987-03-31'),
('Dr.','David',129,'1949-05-07'),
('Trevor','Rangel',171,'1973-01-08'),
('Christopher','Savage',53,'2000-02-06'),
('Jennifer','Bowers',119,'1990-08-17'),
('James','Carroll',22,'1985-02-23'),
('Sheila','Hoffman',200,'1968-10-31'),
('Andre','Fuller',191,'1995-01-23'),
('Eric','Guzman',56,'1972-04-19'),
('Nicholas','Daugherty',42,'1950-08-04'),
('Lisa','Cox',99,'1949-01-28'),
('Cody','Lawson',168,'1932-08-13'),
('James','Hughes',185,'1974-03-08'),
('Malik','Crawford',85,'1950-12-12'),
('Cynthia','Mccarty',119,'1985-03-31'),
('Robert','Mcdonald',126,'1977-11-28'),
('Breanna','Rojas',1,'1993-01-11'),
('Chad','Watson',151,'1949-02-08'),
('Monique','Hoover',137,'1970-07-21'),
('Heather','Hill',57,'1960-12-13'),
('Scott','Willis',9,'1957-05-23'),
('Valerie','Davis',44,'1940-11-16'),
('Kimberly','Williams',110,'1961-09-28'),
('Edward','Jones',190,'1970-12-27'),
('Andre','Lambert',109,'1944-09-13'),
('Anita','Carey',111,'1956-07-02'),
('Dave','Brown',166,'2000-10-30'),
('Rodney','Gay',75,'1965-04-30'),
('Ashlee','Rangel',186,'1982-12-08'),
('Jessica','Johnston',162,'1935-06-05'),
('Erica','Garcia',120,'1949-08-21'),
('Jessica','Sims',144,'1993-12-04'),
('Elaine','Martin',185,'1934-06-19'),
('Stephanie','Graham',199,'1949-03-09'),
('Jennifer','Cook',176,'1951-05-24'),
('Angela','Mathis',85,'1970-01-17'),
('Evelyn','Schmidt',36,'1943-07-29'),
('Sabrina','Bender',90,'1995-06-17'),
('Brittany','Sanders',109,'1991-10-22'),
('Daniel','Martinez',140,'1974-02-07'),
('Brooke','Flores',106,'1945-11-22'),
('Kyle','Thompson',2,'1983-06-25'),
('Leslie','Brennan',19,'1980-12-12'),
('Melissa','Reyes',116,'1951-12-12'),
('Kimberly','Morris',72,'1991-12-04'),
('Kevin','Phillips',15,'1935-05-10'),
('James','Marsh',112,'1998-05-13'),
('Chad','Ewing',103,'1934-03-21'),
('Cassandra','Lin',131,'1958-01-20'),
('Rachael','Williams',181,'1951-03-01'),
('Lydia','Smith',108,'1938-08-06'),
('Chris','Lane',167,'1958-12-25'),
('Jonathan','Christian',138,'1942-01-19'),
('Michelle','Martin',25,'1987-09-15'),
('Jerry','Price',90,'1953-05-08'),
('Elizabeth','Cruz',200,'1961-10-15'),
('Eric','Kelley',164,'1971-11-20'),
('Lawrence','Hernandez',132,'1932-10-17'),
('Michael','Webster',106,'1952-11-08'),
('Jeffery','Moran',129,'1954-09-21'),
('Marissa','Perez',168,'1975-03-18'),
('Veronica','Ibarra',13,'1986-09-28'),
('Denise','Williams',113,'1952-01-16'),
('Brittany','Perry',103,'1970-07-07'),
('Roy','Ramirez',79,'1942-01-16'),
('Joseph','Clark',4,'1955-06-09'),
('Robert','Boyle',33,'1979-03-31'),
('Willie','Jackson',199,'1985-01-28'),
('Kristin','Lyons',92,'1962-11-07'),
('David','Parker',131,'1967-11-01'),
('Marissa','Hardin',62,'1953-09-05'),
('Melissa','Patterson',49,'1956-06-27'),
('Kevin','Guerrero',78,'1981-12-01'),
('Jerry','Carter',92,'1962-01-30'),
('Haley','Nelson',53,'1945-06-10'),
('Dawn','Thomas',15,'1992-05-14'),
('Mark','Simon',60,'1933-05-10'),
('Matthew','Klein',181,'1990-01-29'),
('Christina','Andrews',123,'1973-09-20'),
('Lisa','Wilson',155,'1989-10-13'),
('Susan','Petersen',139,'1938-08-10'),
('Alexander','Matthews',12,'1930-05-31'),
('Elizabeth','Mendez',43,'1963-12-06'),
('Kristina','Hill',185,'1997-11-04'),
('Jennifer','Roberts',27,'1982-08-11'),
('Barbara','Bennett',184,'1947-05-09'),
('Susan','Lucero',133,'1976-04-28'),
('Matthew','Andersen',16,'1993-08-10'),
('Nancy','Mcclure',129,'1946-11-06'),
('Angel','Martin',103,'2000-09-29'),
('Rhonda','Brooks',11,'1932-06-19'),
('Crystal','Thompson',63,'1972-05-24'),
('Allen','Jacobs',4,'1989-02-26'),
('Charles','Ramirez',32,'1998-08-19'),
('Brandon','Hansen',109,'1999-10-29'),
('Bobby','Newton',191,'1979-01-18'),
('Clinton','Bryan',41,'1977-11-09'),
('Mark','Young',134,'1930-07-13'),
('David','Carson',55,'1939-04-04'),
('Michael','Terry',159,'1999-04-19'),
('Amber','Ruiz',55,'1957-02-09'),
('Kathy','Williams',2,'1989-06-17'),
('Wesley','Hawkins',170,'1982-05-19'),
('Mark','Medina',68,'1965-11-17'),
('Deborah','Knight',118,'1945-06-07'),
('Jennifer','White',172,'1952-02-04'),
('Heather','Scott',141,'1989-10-03'),
('Tommy','Weber',152,'1960-05-18'),
('Nicholas','Gordon',9,'1952-03-17'),
('Adam','Zamora',149,'1943-03-05'),
('Alan','Miller',84,'1957-08-27'),
('John','Cox',131,'1972-05-23'),
('Patricia','Adams',184,'1972-10-30'),
('Joseph','Holt',24,'1946-01-31'),
('Amy','Grant',38,'1930-08-15'),
('Jared','Williamson',74,'1944-03-01'),
('Susan','Sandoval',172,'1975-04-21'),
('Alfred','Wilson',143,'1938-07-15'),
('Anna','Garner',152,'1943-07-09'),
('Sharon','Porter',101,'1988-07-22'),
('Benjamin','Ruiz',11,'1970-09-21'),
('Jesse','Williams',102,'1975-10-14'),
('Zachary','Kline',31,'1978-05-10'),
('Erik','Lee',170,'1931-03-01'),
('Danielle','Warren',117,'1976-08-07'),
('Julia','Walker',97,'1933-04-25'),
('Carol','Jackson',11,'1976-03-06'),
('Melanie','Becker',199,'1968-01-07'),
('Sarah','Walker',121,'1975-02-22'),
('Jessica','Bowers',85,'1994-11-04'),
('Denise','Reyes',19,'1986-04-08'),
('Robert','Rhodes',7,'1967-02-02'),
('Sean','Thomas',10,'1984-06-25'),
('Jasmine','Adams',103,'1955-07-14'),
('Thomas','Williamson',190,'1980-11-29'),
('Holly','Hancock',180,'1982-05-30'),
('Roy','Harris',113,'1932-07-24'),
('Austin','Parsons',4,'1987-03-29'),
('William','Wu',95,'1953-02-08'),
('James','Flowers',23,'1946-01-16'),
('Frank','Moyer',141,'1975-01-05'),
('Sarah','Patrick',115,'1949-04-14'),
('Troy','Hale',130,'1949-09-17'),
('Jeffrey','Byrd',46,'1996-09-11'),
('Pamela','Williams',161,'1973-01-26'),
('Michael','Wheeler',25,'1984-04-08'),
('Leslie','Gonzalez',64,'1968-09-30'),
('Victor','Miller',197,'1950-07-21'),
('Alexander','Gray',24,'1979-09-10'),
('Sarah','Adkins',37,'1939-01-28'),
('Deborah','Obrien',151,'1971-04-03'),
('Katrina','Price',166,'1951-12-06'),
('Scott','Bell',6,'1971-10-07'),
('Bryan','Watson',171,'1947-02-23'),
('Justin','Guerra',110,'1961-12-27'),
('Danny','Robbins',42,'1996-02-20'),
('Shane','Greene',146,'1931-10-10'),
('Anna','Johnson',20,'1934-02-23'),
('George','Harrington',140,'1983-06-08'),
('Debra','Mendez',105,'1957-10-19'),
('Zachary','Martinez',160,'1995-03-02'),
('Eduardo','Chapman',74,'1945-12-01'),
('Randy','Jackson',67,'1961-05-29'),
('Kathy','Mills',185,'1953-04-14'),
('Taylor','Hogan',126,'1997-09-27'),
('Megan','Davis',62,'1943-05-09'),
('Mary','Jones',200,'1964-07-11'),
('Edward','Griffith',154,'1984-06-20'),
('John','Lopez',168,'1967-04-29'),
('Emily','Ruiz',68,'1987-05-11'),
('Stacy','Navarro',138,'1993-04-21'),
('Emily','Burgess',151,'1949-03-18'),
('Marcia','Owen',175,'1941-06-14'),
('Kayla','Santiago',105,'1982-12-15'),
('Michelle','Taylor',40,'1958-05-02'),
('Jennifer','Hernandez',18,'1971-08-13'),
('Trevor','Holmes',62,'1977-05-11'),
('Nathan','Roberts',54,'1938-04-09'),
('Emily','Hill',200,'1993-09-14'),
('Samuel','Miller',144,'1956-02-17'),
('Savannah','Wright',31,'1942-02-17'),
('Jennifer','Yoder',134,'1988-06-16'),
('Bradley','Phillips',87,'1935-11-15'),
('Christine','George',98,'1991-11-17'),
('Mitchell','Hopkins',8,'1949-03-08'),
('Tyler','Roberts',84,'1964-07-22'),
('Haley','Barnes',71,'1954-02-19'),
('Brianna','Conway',138,'1994-09-25'),
('Vanessa','Woods',23,'1966-11-15'),
('Ryan','Beasley',80,'1997-02-22'),
('Wendy','Flores',98,'1998-04-13'),
('Patrick','Palmer',176,'1992-01-03'),
('Sarah','Mclean',163,'1993-12-29'),
('Kenneth','Hunter',191,'1987-01-29'),
('Sarah','Walton',192,'1994-01-05'),
('Amanda','Johnson',104,'1948-12-02'),
('Christopher','Rodriguez',43,'1977-04-12'),
('Yesenia','Garcia',41,'1994-02-10'),
('Andrew','Rodriguez',76,'1945-09-27'),
('Travis','Reyes',12,'1998-11-13'),
('Diana','Frederick',18,'1964-12-16'),
('Brian','Jones',88,'1995-05-03'),
('Jeremy','Bass',102,'1958-09-18'),
('Brenda','Cardenas',82,'1946-09-18'),
('Phillip','Ewing',59,'1971-08-15'),
('Vanessa','Yoder',145,'1968-01-11'),
('Elizabeth','Russell',29,'1992-02-16'),
('Eileen','Williams',80,'1983-12-25'),
('Denise','Reyes',73,'1979-08-30'),
('Ronald','Lucas',148,'1996-02-04'),
('Justin','Gay',149,'1992-07-29'),
('Donald','Valenzuela',130,'1964-11-11'),
('Lisa','Hicks',191,'1951-01-19'),
('Nancy','Mcdowell',178,'1999-07-13'),
('Karen','Davis',107,'1930-02-13'),
('Charles','Clark',51,'1990-05-03'),
('Cynthia','Carney',24,'1938-06-15'),
('Marcus','Smith',7,'1980-08-30'),
('Brenda','Freeman',23,'1952-06-02'),
('Christopher','Smith',150,'1932-11-17'),
('Manuel','Blevins',71,'1954-12-13'),
('James','Edwards',44,'1947-03-12'),
('Isaiah','Morrison',32,'1950-02-06'),
('Elizabeth','Kramer',163,'1960-07-28'),
('Joshua','Dixon',77,'1939-09-28'),
('Steven','Johnson',56,'1961-12-11'),
('Anthony','Porter',91,'1931-07-16'),
('Crystal','Chan',5,'2000-07-17'),
('Kelly','Riley',168,'1979-07-07'),
('Sarah','Brown',198,'1961-10-07'),
('Christina','Li',63,'1954-05-22'),
('Nicole','Barton',180,'1987-05-16'),
('Rebecca','Odonnell',87,'1946-07-17'),
('Nancy','Salas',92,'1949-06-08'),
('Yvonne','Pierce',16,'1952-12-04'),
('Sarah','Atkins',189,'1978-09-06'),
('Luis','Mata',153,'1952-05-05'),
('Mark','Nixon',128,'1981-04-12'),
('Christine','Mcintyre',148,'1963-11-26'),
('Charles','Johnson',21,'1971-12-12'),
('David','Barton',182,'1939-07-22'),
('Eric','Mercado',160,'1989-02-13'),
('Ryan','Smith',7,'1971-06-24'),
('Christine','Berger',105,'1972-12-21'),
('Erica','Brown',10,'1962-10-13'),
('Erin','Bryan',154,'1986-10-14'),
('Annette','Dean',93,'1944-02-16'),
('Jeffrey','Hunt',127,'1994-10-27'),
('Christopher','Rodriguez',166,'1994-10-23'),
('Gabriela','Bowen',11,'1931-02-27'),
('Wanda','Singleton',10,'1947-09-03'),
('Cynthia','Stone',89,'1940-02-22'),
('Stephanie','Smith',85,'1949-12-20'),
('Sharon','Miller',154,'1972-02-17'),
('Mrs.','Tammy',138,'1956-07-29'),
('John','Livingston',183,'1981-11-06'),
('Richard','Higgins',103,'1998-10-22'),
('Taylor','Stephens',163,'1940-09-25'),
('Abigail','Taylor',100,'1939-08-08'),
('Ryan','Wood',181,'1930-12-31'),
('Jacqueline','Hill',66,'1942-06-19'),
('Dr.','Ashley',141,'1974-10-09'),
('Savannah','Mendoza',70,'1959-09-20'),
('Jamie','Kelly',97,'1944-09-23'),
('Bradley','Caldwell',21,'1984-12-27'),
('Matthew','Boyd',87,'1989-03-28'),
('Autumn','Foley',63,'1962-04-30'),
('Patrick','Hudson',197,'1931-10-09'),
('Vanessa','Cannon',186,'1938-03-07'),
('Laura','Watson',178,'1936-12-07'),
('Felicia','Wright',140,'1990-12-03'),
('Todd','Gonzalez',76,'1933-05-29'),
('Stephanie','Erickson',66,'1966-10-11'),
('Alejandra','Murphy',92,'1955-06-29'),
('Brianna','Wolfe',65,'1989-03-27'),
('Katherine','Gibbs',30,'1950-10-15'),
('Nancy','Petersen',130,'1937-07-21'),
('Susan','Scott',176,'1932-06-04'),
('Emily','Miller',192,'1941-07-28'),
('Anthony','Weiss',178,'1965-07-12'),
('Christopher','Burke',200,'1969-05-04'),
('Adam','Crawford',152,'1955-11-09'),
('Brad','Mccann',164,'1974-02-15'),
('Zachary','Davis',153,'1969-08-19'),
('Carlos','Nolan',197,'1932-02-14'),
('Amy','Turner',45,'1990-02-06'),
('Samantha','Berger',152,'1993-01-19'),
('Krista','Cook',78,'1931-03-13'),
('Sara','Adams',141,'1954-03-11'),
('Barbara','Anderson',12,'1982-02-24'),
('Keith','Lane',155,'1980-10-01'),
('Matthew','Bell',148,'1975-12-11'),
('Cheryl','Robles',46,'1965-11-19'),
('Robert','Henderson',125,'1940-10-10'),
('Heather','Bass',135,'1992-04-25'),
('Elizabeth','Garrison',179,'1945-05-07'),
('Paul','Carter',161,'1984-02-03'),
('Joshua','Mendoza',139,'1961-11-11'),
('Katherine','Lawrence',197,'1970-02-09'),
('John','Douglas',98,'1935-07-28'),
('Crystal','Ellison',175,'1960-02-10'),
('Brett','Smith',8,'1938-05-04'),
('Edward','Rivera',107,'1969-06-24'),
('Austin','Wyatt',173,'1947-06-17'),
('Alexander','Page',67,'1968-10-06'),
('Hector','Williams',88,'1968-03-12'),
('Emily','Byrd',194,'1945-10-10'),
('David','Thomas',119,'1939-01-15'),
('Michael','Gordon',21,'1975-06-16'),
('Stephanie','Bush',55,'1971-03-18'),
('John','Williams',135,'1943-11-09'),
('Bonnie','Brown',24,'1971-05-18'),
('Kayla','Zavala',155,'1962-12-05'),
('Jonathan','Lewis',18,'1953-08-23'),
('Angela','Perez',99,'1990-05-18'),
('Joanna','Rose',76,'1930-01-11'),
('Luis','Ramirez',136,'2000-08-28'),
('Amber','Molina',72,'1978-09-29'),
('Melissa','Davis',67,'1940-10-16'),
('Brenda','Jones',47,'1951-08-06'),
('Jeanette','Hill',156,'1938-05-18'),
('Kevin','Bell',127,'1939-02-19'),
('Ricardo','Garrison',8,'1965-04-25'),
('Kenneth','Collins',155,'1988-01-16'),
('Ryan','Bailey',179,'1978-05-19'),
('Jermaine','Adams',172,'1966-12-13'),
('Grant','Brooks',43,'1994-03-23'),
('Ryan','Foster',87,'1937-10-22'),
('Erica','Schneider',108,'1958-02-06'),
('Christine','Diaz',81,'1996-10-26'),
('Anthony','Everett',152,'1981-12-22'),
('Julie','Lopez',70,'1970-06-15'),
('Christian','Henson',156,'1986-11-07'),
('Kathryn','Gonzales',128,'1967-12-21'),
('Andrew','Galvan',168,'2000-05-28'),
('Nancy','Sanders',28,'1993-02-26'),
('Kenneth','Hampton',127,'1958-03-31'),
('Matthew','Young',58,'1992-03-19'),
('Michael','Coleman',42,'1990-04-02'),
('Diana','Thompson',44,'1962-07-31'),
('Sean','Brown',62,'1995-06-27'),
('Samantha','Phelps',63,'1976-04-15'),
('William','Davis',63,'1949-03-09'),
('Jacqueline','Hammond',85,'1964-11-28'),
('Patrick','Huynh',194,'1971-05-27'),
('David','Ruiz',129,'1972-01-31'),
('Jason','Campbell',3,'1956-10-18'),
('Heather','Aguirre',91,'1969-06-20'),
('Sharon','Dominguez',27,'1990-07-27'),
('Jacob','Duncan',115,'1939-07-29'),
('Kathryn','Cole',190,'1987-03-05'),
('Eric','Conley',98,'1993-08-15'),
('Frank','Perez',161,'1988-08-26'),
('Donna','Browning',68,'1930-01-15'),
('Maria','Baker',1,'1959-02-18'),
('Melanie','Stevenson',60,'1987-01-10'),
('Jeanette','Martin',87,'1978-09-15'),
('Karen','Green',65,'1979-10-09'),
('Jennifer','Shepherd',154,'1953-11-09'),
('Andrew','Little',78,'1945-06-26'),
('Seth','Moore',106,'1937-04-15'),
('Carolyn','Young',136,'1950-07-27'),
('Kristina','Garrett',76,'1932-08-22'),
('Allison','Collins',34,'1975-01-28'),
('Patricia','Walker',39,'1967-05-19'),
('Elizabeth','Anderson',16,'1936-05-15'),
('Jennifer','Graham',146,'1996-06-18'),
('Natalie','Daniel',139,'1958-06-28'),
('Jessica','Rivera',199,'1966-09-21'),
('Alexander','Mcdonald',99,'1997-11-16'),
('Michelle','Huerta',167,'1960-05-19'),
('Kyle','Clark',197,'1951-01-06'),
('Hannah','Houston',121,'1948-02-14'),
('Debbie','Murray',27,'1934-02-11'),
('Jeffrey','Mitchell',17,'1978-12-20'),
('John','Thomas',122,'1992-02-02'),
('Tracy','Mcgee',192,'1930-01-05'),
('Dr.','Gary',168,'1986-08-08'),
('Douglas','Mckay',143,'1949-01-24'),
('Joan','Jackson',80,'1971-07-30'),
('Nicole','Solomon',72,'1947-08-05'),
('Brian','Hernandez',91,'1971-04-30'),
('Dr.','Christopher',199,'1965-04-17'),
('Emily','Morris',11,'1981-11-15'),
('Jessica','Wilson',114,'1945-12-12'),
('Julia','Weiss',115,'1981-06-09'),
('Angel','Butler',159,'1944-10-25'),
('Nancy','Leonard',7,'1943-03-14'),
('Dylan','Mcdaniel',119,'1971-04-04'),
('Jason','Weeks',133,'1940-06-29'),
('Julian','Ford',129,'1982-08-28'),
('Rhonda','Jones',5,'1940-03-27'),
('Kevin','Hill',156,'1937-10-04'),
('Cheryl','Mcclure',156,'1939-09-14'),
('Amanda','Reed',137,'1944-01-30'),
('Julie','Thomas',175,'1990-01-05'),
('Mr.','Ronnie',118,'1958-03-04'),
('Cassandra','Mcdonald',140,'1931-12-26'),
('James','Mason',142,'1946-05-08'),
('Shannon','Green',171,'1985-09-28'),
('Edward','Perez',90,'1939-12-06'),
('Denise','Smith',64,'1939-09-16'),
('Keith','Austin',35,'1963-05-29'),
('Deanna','Lucas',154,'1990-02-17'),
('Paul','Craig',60,'1984-01-31'),
('Elizabeth','Gray',147,'1986-05-01'),
('Donna','Wang',158,'1993-10-22'),
('Stephen','Walls',169,'1992-07-20'),
('Meghan','Carter',75,'1957-04-05'),
('Donna','Potts',149,'1934-05-01'),
('Deanna','King',35,'1985-04-23'),
('Sharon','Gibson',138,'2000-08-14'),
('Teresa','Johnston',194,'1955-05-30'),
('Alan','Li',111,'1938-02-12'),
('Robert','Quinn',70,'1964-04-02'),
('David','Jackson',144,'1983-01-03'),
('Angela','Proctor',118,'1993-05-22'),
('Jordan','Smith',143,'1937-12-30'),
('Katherine','Watson',129,'1958-09-07'),
('Karen','Garcia',83,'1986-05-16'),
('Charles','Henry',138,'1934-06-16'),
('Jeanette','Montgomery',68,'1991-01-26'),
('Judy','Petersen',34,'1983-05-03'),
('Sharon','Powell',161,'1995-03-03'),
('Danielle','Villegas',71,'1953-04-13'),
('Gina','Moore',39,'1951-06-25'),
('Nathan','Howard',145,'1977-08-08'),
('Kyle','Wiggins',3,'1972-09-26'),
('Lisa','Chapman',138,'1996-11-22'),
('Rebecca','Murphy',64,'1958-02-25'),
('Christina','Martinez',133,'1955-04-23'),
('David','Medina',195,'1999-04-20'),
('Sheri','Heath',125,'1931-01-02'),
('Nicole','Knight',191,'1941-03-27'),
('Mary','Gonzalez',79,'1981-05-30'),
('Alex','Hoffman',161,'1949-12-31'),
('Kim','Vega',126,'1956-12-04'),
('Brian','Newman',77,'1986-10-08'),
('Dawn','Skinner',187,'1974-04-21'),
('Lauren','Tran',188,'1954-10-30'),
('Lori','Hodge',43,'1979-12-03'),
('Alexandria','Short',49,'1989-05-10'),
('Preston','Martinez',5,'1984-12-12'),
('Dawn','Griffin',16,'1932-02-14'),
('Taylor','Miller',177,'1933-12-15'),
('Keith','Miller',146,'1962-02-23'),
('Marie','Sullivan',171,'1997-08-11'),
('Darin','Lutz',34,'1990-10-30'),
('James','Mathews',55,'1944-04-26'),
('Sharon','Moore',85,'1993-10-26'),
('Heidi','Stewart',46,'1961-02-18'),
('Crystal','Harris',92,'1953-05-08'),
('Toni','Chapman',180,'1935-02-08'),
('Jason','Thompson',75,'1992-10-26'),
('Brenda','Mathis',5,'1994-07-21'),
('Gina','Keller',29,'1956-06-14'),
('Louis','Bailey',23,'1961-02-13'),
('Isaac','Mitchell',73,'1950-07-06'),
('Kyle','Banks',116,'1961-08-21'),
('Samantha','Meza',30,'1990-05-04'),
('Caroline','Herrera',17,'1931-11-19'),
('Christopher','Martin',80,'1967-01-04'),
('Allison','Hardy',78,'1998-08-19'),
('Gregory','Walker',4,'1963-07-24'),
('Brian','Rubio',11,'1976-02-05'),
('Thomas','Phillips',59,'1947-02-28'),
('Robert','Mccormick',37,'1934-03-15'),
('Darlene','Smith',132,'1937-03-13'),
('Charles','Fitzpatrick',35,'1985-03-28'),
('Tyler','Black',78,'1941-06-22'),
('Eric','Marshall',101,'1980-07-17'),
('Veronica','Simpson',93,'1999-09-27'),
('Natalie','Flores',26,'1942-01-31'),
('Ronald','Rhodes',180,'1995-03-30'),
('Cassandra','Robinson',31,'1997-06-25'),
('Charles','Lutz',184,'1951-04-16'),
('Diane','Lee',87,'1973-10-16'),
('Tracy','Vargas',184,'1932-06-26'),
('John','Webster',151,'1941-09-25'),
('Robert','Zuniga',26,'1981-08-09'),
('Samantha','Wallace',189,'1999-09-05'),
('Brandy','Bentley',48,'1981-09-09'),
('Kathleen','Hill',69,'1950-08-07'),
('Marie','Campbell',33,'1943-11-04'),
('Lee','Abbott',196,'1951-06-07'),
('Michael','West',93,'1949-01-04'),
('Denise','Martinez',194,'1994-03-29'),
('Connie','Lawson',95,'1971-01-06'),
('Ashley','Lopez',79,'1947-05-03'),
('Kendra','Reyes',94,'1988-07-14'),
('Kaitlyn','Ross',68,'1942-05-01'),
('Richard','Martin',115,'1966-11-29'),
('Paul','Martin',164,'1964-02-29'),
('Cindy','Hernandez',135,'1993-12-01'),
('Suzanne','Chandler',190,'1970-02-28'),
('Lisa','Adams',76,'1988-07-18'),
('Regina','Tanner',197,'1946-11-21'),
('Damon','Black',17,'1976-01-30'),
('Timothy','Guzman',60,'1943-03-07'),
('Daniel','Brown',92,'1967-08-26'),
('Christy','Hamilton',45,'1978-04-18'),
('Melissa','Roberts',193,'1940-07-14'),
('Nicholas','Jones',47,'1978-12-07'),
('Mary','Horton',153,'1980-01-08'),
('Jean','Fields',107,'1982-03-15'),
('Christopher','Scott',7,'1938-04-07'),
('Steven','Barrett',71,'1993-02-14'),
('Joseph','Weber',24,'1970-07-15'),
('Brittany','Strong',188,'1953-11-21'),
('Steven','Copeland',113,'1933-02-28'),
('Brian','Weaver',25,'1997-05-18'),
('Daniel','Dean',196,'1954-09-25'),
('Brittany','Davis',61,'1930-08-09'),
('Stephanie','Hall',184,'1962-11-09'),
('Haley','Smith',5,'1949-02-15'),
('Reginald','Rogers',134,'1970-06-09'),
('Lauren','Huerta',165,'1965-09-18'),
('Colton','Murphy',31,'1941-12-30'),
('Denise','Fisher',51,'1988-08-27'),
('Joseph','Farley',7,'1933-12-08'),
('Justin','Wood',28,'1967-12-19'),
('Cheryl','Navarro',33,'1941-02-27'),
('Dr.','Katherine',157,'1999-03-08'),
('Lisa','Brady',174,'1947-02-24'),
('Jeffrey','Smith',49,'1979-12-04'),
('Rachel','Castillo',5,'1933-02-01'),
('Shelley','Holloway',8,'1953-04-18'),
('Amanda','Garcia',107,'1964-01-10'),
('Michael','Kim',128,'1967-08-04'),
('Angel','Kent',62,'1932-02-24'),
('Carolyn','Haynes',168,'1949-05-28'),
('Pam','Reyes',96,'1992-10-22'),
('David','Harris',53,'1990-09-11'),
('Rodney','Miller',132,'1991-06-21'),
('Paula','Wilson',55,'1959-03-23'),
('Mrs.','Marissa',166,'1931-02-15'),
('Gregory','Smith',82,'1960-12-14'),
('Michael','Robinson',25,'1980-01-05'),
('Heather','Yates',188,'1949-06-12'),
('Andrea','Mitchell',172,'1988-10-18'),
('Michelle','Larson',144,'1958-05-03'),
('Rebecca','Richard',13,'1989-11-15'),
('Courtney','Martinez',136,'1948-08-24'),
('William','Parsons',82,'1982-04-21'),
('Jennifer','Brown',152,'1980-02-09'),
('Corey','Banks',93,'1992-07-04'),
('Matthew','Berger',26,'1934-02-19'),
('Joseph','Peterson',191,'1980-05-07'),
('Christine','Allen',130,'1997-03-18'),
('Taylor','Strong',167,'1933-12-30'),
('Michael','Johnson',187,'1946-08-28'),
('Shannon','Smith',42,'1931-09-11'),
('Lynn','Simmons',186,'1938-10-13'),
('Brandon','Davis',34,'1949-06-27'),
('Susan','Bowers',27,'1953-09-22'),
('Carlos','Murillo',18,'1999-01-13'),
('Jillian','Mathis',184,'1998-04-29'),
('James','Coleman',126,'1984-07-20'),
('Heidi','Bell',181,'1976-08-02'),
('Jake','Walter',101,'1939-03-20'),
('Christina','Williams',94,'1968-09-06'),
('Samantha','Rogers',88,'1965-02-13'),
('Jasmine','Griffin',87,'1969-11-10'),
('Jose','Richard',185,'1972-07-23'),
('Jessica','Bailey',70,'1954-12-07'),
('Nathan','Adams',70,'1932-11-26'),
('Amanda','Paul',131,'1986-03-16'),
('Christopher','Gonzalez',182,'1933-12-11'),
('Erin','Horton',20,'1966-07-10'),
('Dr.','Hannah',77,'1966-11-16'),
('Amy','Smith',128,'1947-01-12'),
('Lacey','Clark',128,'1997-12-01'),
('Nichole','Hall',99,'1973-08-29'),
('Wendy','Sanchez',36,'1981-04-10'),
('Frank','Roberts',107,'1955-12-23'),
('Amanda','Summers',108,'1998-02-10'),
('John','Strong',164,'1957-06-03'),
('Jessica','Roberts',116,'1937-06-26'),
('Marcus','Johnson',159,'1995-03-30'),
('Christopher','Andrews',178,'1950-10-05'),
('Kelly','Williams',70,'1959-03-08'),
('Stephanie','Price',188,'1967-05-14'),
('Kyle','Wolf',157,'1940-08-11'),
('Catherine','Vega',16,'1992-09-14'),
('Amber','Jenkins',163,'1962-02-06'),
('Ethan','Santos',148,'1962-09-25'),
('Michael','Jones',195,'1941-02-19'),
('Bobby','Schmidt',188,'1935-04-09'),
('Gerald','Espinoza',174,'1967-03-31'),
('Hector','Walls',160,'1986-11-22'),
('Latoya','Simmons',135,'1961-12-16'),
('Kristine','Higgins',181,'1968-04-30'),
('Candice','Hawkins',159,'1999-03-31'),
('Melissa','Crosby',75,'1937-03-05'),
('Kimberly','Hernandez',139,'1963-10-12'),
('Courtney','Chan',11,'1977-06-22'),
('Sherry','Wilson',59,'1977-01-13'),
('Linda','Paul',74,'1954-04-06'),
('Gregory','Pennington',92,'1945-11-20'),
('Pamela','Nelson',154,'1954-09-13'),
('Donald','Stone',80,'1955-08-14'),
('Laura','Lopez',48,'1948-12-02'),
('Andrea','Guerrero',192,'1936-10-14'),
('David','Merritt',135,'1936-05-25'),
('Joshua','Washington',145,'1976-01-25'),
('Melissa','Nash',147,'1965-10-19'),
('Melissa','Salazar',97,'1976-01-12'),
('Robert','Lowe',143,'1953-10-04'),
('Stephanie','Jackson',166,'1998-09-25'),
('Cody','Hodges',152,'1943-08-12'),
('Connie','Clark',87,'1990-11-05'),
('Carmen','Barber',32,'1961-07-21'),
('Michelle','Mathis',27,'1969-12-08'),
('James','Morales',174,'1933-02-01'),
('Jennifer','Richardson',130,'1989-07-12'),
('Kathy','Nelson',85,'1956-05-09'),
('Paul','Perez',26,'1957-04-10'),
('Jordan','Peterson',82,'1960-09-01'),
('Terry','Montgomery',120,'1937-08-03'),
('Amanda','Torres',66,'1982-10-12'),
('Danielle','Christensen',17,'1997-02-16'),
('Jennifer','Collins',135,'1989-12-14'),
('Thomas','Sanchez',173,'1964-09-26'),
('Jenny','Carter',133,'1996-07-24'),
('Carrie','Williams',14,'1938-05-31'),
('Daniel','Diaz',172,'1953-04-20'),
('Kurt','Bowen',68,'1948-06-29'),
('Jackie','Adkins',83,'1935-02-03'),
('Tara','Gilmore',150,'1934-05-07'),
('Shawn','Sims',35,'1968-12-12'),
('Ruben','Johnston',187,'1952-05-30'),
('Christina','Castillo',197,'1983-08-05'),
('Sarah','Reynolds',183,'1940-05-03'),
('Andrew','Smith',193,'1992-03-02'),
('Ebony','Davis',123,'1938-05-18'),
('Stefanie','Hernandez',110,'1946-06-03'),
('Todd','Moran',191,'1965-05-02'),
('Tony','Jones',154,'1960-11-05'),
('Erika','Turner',180,'1979-10-25'),
('Thomas','Bond',76,'1966-04-19'),
('Christopher','Mcdonald',49,'1966-09-20'),
('Rebekah','Campbell',152,'1997-04-17'),
('Amanda','Olson',43,'1940-08-31'),
('Martin','Allen',124,'2000-08-22'),
('Lee','Sparks',38,'1953-09-15'),
('Michelle','Key',83,'1948-01-02'),
('Brittney','Vance',2,'1953-05-06'),
('William','Davis',109,'1942-06-17'),
('Gabriel','Stephens',9,'1974-04-06'),
('Kayla','Mendez',178,'1972-08-30'),
('Misty','Flores',161,'1941-09-18'),
('Melanie','Gibson',164,'1939-12-06'),
('Deborah','Green',65,'1987-01-22'),
('Bradley','Ponce',78,'1989-02-15'),
('Cheyenne','Johnson',69,'1934-09-15'),
('Danielle','Kent',30,'1984-10-10'),
('Scott','Trujillo',81,'1946-10-16'),
('David','Benton',133,'1951-01-24'),
('Kimberly','Lane',185,'1997-05-20'),
('Jacob','Nunez',96,'1999-12-19'),
('Bryan','Martin',73,'1934-06-18'),
('Jennifer','Walker',189,'1939-11-15'),
('Robert','Summers',155,'1940-05-31'),
('Kelly','Ross',187,'1989-08-01'),
('Katelyn','Hanson',34,'1975-11-03'),
('Laura','Marshall',91,'1930-07-07'),
('Sierra','Martin',113,'1940-02-06'),
('Tammy','Greene',116,'1969-02-20'),
('Rachel','Cochran',71,'1933-03-06'),
('Alicia','Chavez',190,'1945-07-29'),
('Rebecca','Murray',181,'1953-06-02'),
('Kimberly','Terrell',171,'1964-09-28'),
('Marilyn','Lang',42,'1982-11-18'),
('Laura','Pace',3,'1966-01-15'),
('Leslie','Williams',51,'1956-11-14'),
('Timothy','Jimenez',184,'1970-07-28'),
('Lisa','Curtis',130,'2000-04-17'),
('Molly','Warren',78,'1934-05-10'),
('Robert','Rodriguez',9,'1956-02-25'),
('Samuel','Wilkins',179,'1975-12-28'),
('Michael','Ford',175,'1931-07-31'),
('Jennifer','Roberts',106,'1951-03-21'),
('Terry','Baker',56,'1946-09-01'),
('Nicholas','Lawrence',181,'1974-03-10'),
('Kevin','Hansen',130,'1994-10-07'),
('Melinda','Day',49,'1938-04-08'),
('Michael','Leonard',41,'1964-07-22'),
('Luis','Dawson',12,'1948-04-13'),
('Antonio','Thompson',57,'1959-05-23'),
('Amber','Reed',51,'1967-11-21'),
('Christopher','Cox',148,'1971-11-25'),
('April','Ellis',15,'1936-02-05'),
('Justin','Garcia',88,'1934-03-27'),
('Dwayne','Brewer',24,'1985-09-27'),
('Kristopher','Willis',76,'1973-10-29'),
('Jade','Rogers',197,'1971-02-24'),
('Dawn','Mack',111,'1965-04-07'),
('John','Johnson',72,'1963-05-16'),
('Stephen','Adams',142,'1940-07-17'),
('Christine','Gilbert',181,'1961-02-21'),
('William','Webb',77,'1979-10-08'),
('Christopher','Lee',184,'1965-12-03'),
('David','Matthews',152,'1986-02-11'),
('William','May',63,'1938-07-10'),
('Kayla','Duffy',79,'1952-01-04'),
('Jeremy','Bradley',103,'1955-03-06'),
('Beverly','Reyes',3,'1970-10-12'),
('Mrs.','Julie',69,'1954-08-20'),
('Matthew','Johnson',138,'1957-12-01'),
('Michael','Blake',12,'1966-08-19'),
('Amanda','Willis',169,'1940-12-06'),
('Alexander','Hill',199,'1942-03-01'),
('Laurie','Ballard',45,'1939-11-25'),
('Paul','Delgado',56,'1983-04-30'),
('Alison','Bates',87,'1941-04-25'),
('Brandon','Nguyen',60,'1964-05-18'),
('Jordan','Blanchard',161,'1962-03-07'),
('Joseph','Pena',192,'1974-12-10'),
('Amanda','Roberson',85,'1946-05-19'),
('Nancy','Anderson',137,'1966-09-11'),
('Anthony','Brown',144,'1985-08-13'),
('Justin','Griffin',106,'1954-08-08'),
('Kristina','Mcgrath',199,'1989-05-26'),
('Derek','Gomez',171,'1932-04-13'),
('Jason','Acosta',31,'1956-12-06'),
('Daniel','Edwards',187,'1964-09-16'),
('Joseph','Burgess',59,'1935-11-07'),
('Justin','Donaldson',152,'1984-07-28'),
('Timothy','Bauer',178,'1936-01-11'),
('Donald','Mcmillan',146,'1947-07-10'),
('Mrs.','Barbara',53,'1941-04-25'),
('Brian','Kramer',18,'1934-11-29'),
('Angela','Glenn',79,'1994-07-01'),
('Shawn','Mcdonald',79,'1965-05-22'),
('Todd','Morris',38,'1990-11-09'),
('Jodi','Morgan',166,'1961-05-26'),
('Michael','Lopez',17,'1984-02-04'),
('Jason','Doyle',69,'1984-09-06'),
('Tina','Arias',114,'1976-09-16'),
('Jeremy','Hayes',35,'1948-02-02'),
('Jennifer','Lewis',119,'1932-08-15'),
('Leon','Livingston',66,'1982-08-17'),
('Rachel','Trevino',148,'1977-01-01'),
('Sean','Bender',22,'2000-09-10'),
('Christopher','Carrillo',35,'1980-01-31'),
('Ryan','Ellison',79,'1947-03-09'),
('Jennifer','Singh',191,'1944-07-12'),
('Amanda','Cole',3,'1998-02-06'),
('Craig','Hughes',167,'1992-12-17'),
('Mary','Williamson',89,'1960-01-26'),
('Melissa','Chase',93,'1958-01-05'),
('Joshua','Guzman',194,'1950-10-17'),
('Christopher','Phillips',106,'1952-06-06'),
('Russell','Benton',122,'1968-10-24'),
('Nancy','Jackson',42,'1968-01-17'),
('Jessica','Rangel',13,'1953-01-08'),
('Brandon','Cox',20,'1968-11-17'),
('Kristopher','Johnson',104,'1953-10-01'),
('Michael','Ingram',50,'1987-07-24'),
('Mary','Alvarado',181,'1958-08-19'),
('Jennifer','Henry',54,'1989-09-09'),
('Amy','Evans',179,'1934-01-06'),
('Luke','Cooper',139,'1933-08-29'),
('Terry','Sutton',53,'1961-09-30'),
('Jamie','Marshall',117,'1940-09-17'),
('Adriana','Melendez',92,'1975-04-07'),
('Chloe','Turner',122,'1934-02-09'),
('Emily','Munoz',90,'1997-09-14'),
('Daniel','Clark',99,'1978-07-24'),
('Ashley','Lewis',108,'1972-03-24'),
('Brandon','Lewis',127,'1932-10-30'),
('Joseph','Cunningham',96,'1961-01-09'),
('Tracy','Reyes',144,'1984-02-03'),
('Justin','Nicholson',69,'1999-12-29'),
('Jonathan','Williams',30,'1947-12-27'),
('Justin','Coleman',54,'1986-10-26'),
('Tracy','Harris',49,'1989-10-03'),
('Patrick','Miller',173,'1960-07-17'),
('Jennifer','Miles',21,'1949-03-20'),
('Julie','Taylor',39,'1940-12-17'),
('Mr.','Darren',104,'1952-01-08'),
('Christian','Jones',30,'1997-03-10'),
('Sean','Travis',183,'1968-09-19'),
('Roger','Anderson',10,'1957-05-19'),
('Sharon','Hayes',158,'1930-06-11'),
('Julie','Campbell',83,'1987-03-03'),
('Kyle','Shaw',127,'1961-06-09'),
('Sarah','Lee',30,'1968-12-14'),
('Shaun','Walsh',100,'1990-03-20'),
('Robert','Summers',171,'1991-02-25'),
('Michael','Flores',55,'1980-10-07'),
('Elizabeth','May',185,'1958-11-12'),
('Cory','Walker',5,'1932-06-26'),
('Tony','Wilson',23,'1942-02-14'),
('Wesley','Jones',129,'1996-09-03'),
('Jacqueline','Wood',57,'1976-01-26'),
('Andre','Johnson',27,'1938-09-17'),
('Matthew','Cohen',136,'1992-08-15'),
('Michael','Roth',42,'1982-01-24'),
('Diane','Jones',59,'1978-07-18'),
('Kimberly','Boyer',76,'1978-07-06'),
('John','Rose',10,'1935-06-16'),
('Brian','Martinez',196,'1945-08-20'),
('Andrea','Davidson',111,'1969-02-14'),
('Holly','Ramos',50,'1931-12-06'),
('Michael','Nash',128,'1970-04-09'),
('Samuel','Mora',119,'1961-05-21'),
('Julie','Owens',175,'1974-06-28'),
('Lisa','Jackson',74,'1980-09-25'),
('Christopher','Zavala',135,'1939-08-30'),
('Michael','Barber',18,'1938-02-04'),
('Glenn','Alexander',183,'1977-10-19'),
('Aaron','Aguilar',189,'1949-01-19'),
('Scott','Pratt',169,'1961-04-22'),
('Melody','Harper',30,'1989-11-10'),
('Summer','Reese',135,'1971-06-14'),
('Bryan','Bailey',77,'1991-04-02'),
('Kayla','Barnett',17,'1949-09-28'),
('Jamie','Padilla',13,'1992-04-10'),
('Julie','Dennis',5,'1938-11-17'),
('Julie','Rogers',30,'1946-10-24'),
('Jessica','Weaver',82,'1939-02-02'),
('Anthony','Martinez',53,'1945-05-05'),
('Justin','Estrada',123,'1972-06-30'),
('Daniel','Fields',76,'1942-05-25'),
('Heather','Ford',120,'1948-06-08'),
('Nathaniel','Coleman',49,'1956-01-04'),
('Brenda','Baker',113,'1933-11-09'),
('Stephen','Adams',107,'1937-01-01'),
('Bethany','Walton',57,'1952-05-20'),
('Veronica','Miller',159,'1952-10-06'),
('Stacy','Evans',60,'1995-10-24'),
('Samantha','Harrison',34,'1945-11-13'),
('Frank','Owens',145,'1964-06-04'),
('Brooke','Stewart',44,'1980-02-14'),
('George','Robinson',57,'1993-06-06'),
('Aaron','Wolf',118,'1946-12-28'),
('Sarah','Martinez',112,'1946-11-03'),
('Hannah','Jensen',99,'1971-08-18'),
('Tammy','Park',183,'1941-10-29'),
('Joe','Flores',157,'1955-08-17'),
('Crystal','Wilkinson',167,'1936-05-16'),
('Heather','Foster',88,'1961-11-16'),
('Tonya','Parks',157,'1938-02-10'),
('Zachary','Rollins',67,'1959-09-21'),
('Ross','Wilson',25,'1934-05-03'),
('Crystal','Dominguez',9,'1984-11-16'),
('Angela','Turner',80,'1946-03-13'),
('Jeremy','Kent',162,'1938-09-02'),
('Jessica','Douglas',63,'1989-02-01'),
('Taylor','Pearson',31,'1960-02-27'),
('Brian','Clements',74,'1994-11-12'),
('Rodney','Campbell',107,'1951-09-15'),
('Jamie','Moore',171,'1942-12-08'),
('Richard','Jones',196,'1989-12-19'),
('Heather','Horton',54,'1961-12-29'),
('Brandy','Moody',31,'2000-10-04'),
('Brandy','Rogers',4,'1983-08-09'),
('Eric','Burns',125,'1967-05-15'),
('Keith','Shea',95,'1939-05-13'),
('John','Thornton',142,'1956-11-11'),
('Gregory','Graham',1,'1939-10-06'),
('Carla','Ramos',170,'1997-10-08'),
('Nicole','Li',30,'1977-07-22'),
('Bianca','Pena',25,'1964-12-03'),
('Rodney','Carr',81,'1981-06-12'),
('Samuel','White',58,'1971-03-04'),
('Michael','Lozano',100,'1994-09-21'),
('Miranda','Jones',116,'1946-12-10'),
('Kyle','Rice',67,'1980-04-15'),
('Cody','Taylor',33,'1947-09-06'),
('Connie','Perez',137,'1976-06-23'),
('Deborah','Patton',163,'1986-04-19'),
('Omar','Roth',23,'1961-02-08'),
('John','Padilla',110,'1940-10-07'),
('Michael','Kelley',56,'1949-08-24'),
('David','Rasmussen',94,'1997-12-22'),
('Brittany','Jimenez',64,'1984-11-27'),
('Breanna','Mccarthy',168,'1934-04-18'),
('Leah','Romero',181,'1936-01-19'),
('Ashley','Nguyen',163,'1985-05-03'),
('Todd','Cole',185,'1933-03-26'),
('Kelly','Berry',150,'1951-03-13'),
('Kristin','Flynn',171,'1974-12-30'),
('Steven','Taylor',102,'1953-06-26'),
('Michael','Johnson',123,'1980-02-29'),
('Jennifer','Gilmore',81,'1996-02-24'),
('David','Heath',51,'1945-02-10'),
('Marvin','White',171,'1947-08-07'),
('Nicholas','Walker',82,'1936-12-16'),
('Michael','Sawyer',95,'1974-02-22'),
('Jessica','Willis',124,'1949-01-09'),
('Andrea','Smith',84,'1992-03-24'),
('Emily','Smith',197,'1969-07-02'),
('Jodi','Mcguire',178,'1952-12-07'),
('Alexandria','Gardner',161,'1962-01-27'),
('Tammy','Brown',164,'1984-03-31'),
('Brooke','Kirk',66,'1965-08-13'),
('Melanie','Perkins',157,'1952-09-23'),
('Sonya','Malone',137,'1936-07-03'),
('Shari','Pena',52,'1959-08-09'),
('Joshua','Holmes',167,'1995-07-03'),
('George','Cox',158,'1952-06-22'),
('Pamela','Miller',39,'1972-07-27'),
('Stacy','Hill',154,'1946-04-04'),
('Joseph','Smith',1,'1930-05-02'),
('Brittany','Patterson',155,'1947-03-04'),
('Justin','Franco',34,'1993-07-25'),
('Susan','Perez',61,'1985-10-04'),
('Nathaniel','Cole',90,'1992-09-18'),
('Marc','Obrien',83,'1945-08-01'),
('Diana','Donovan',197,'1940-04-27'),
('Kristen','White',146,'1939-04-15'),
('Christopher','Diaz',23,'1973-03-04'),
('Rebecca','Greene',129,'1977-06-04'),
('Timothy','Alvarez',135,'1998-08-27'),
('Joseph','Jones',176,'1999-08-16'),
('Tamara','Fry',99,'1987-06-19'),
('George','Miller',102,'1978-07-04'),
('Katie','Chen',98,'1964-01-04'),
('Sharon','Bartlett',61,'1948-06-25'),
('Rebecca','Ellis',177,'1972-06-27'),
('Alexis','Wise',184,'1951-05-10'),
('Faith','Owens',88,'1988-02-02'),
('Tiffany','Velasquez',161,'1987-01-11'),
('Colleen','Watson',79,'1971-11-30'),
('Tammy','Clark',42,'1971-05-22'),
('Charles','Perry',152,'1931-02-19'),
('Renee','Scott',98,'1964-11-02'),
('Frederick','Brown',11,'1953-12-01'),
('Carolyn','Castro',177,'1939-06-12'),
('Charles','Hartman',66,'1939-02-03'),
('Keith','Johnson',13,'1989-12-14'),
('Angela','Daniels',177,'1975-01-20'),
('Laura','Carter',179,'1979-04-23'),
('Christine','Rhodes',16,'1939-08-21'),
('Emily','Curtis',146,'1990-05-23'),
('Michelle','Coffey',149,'1991-01-26'),
('Natalie','Vargas',34,'1966-08-02'),
('Scott','Durham',58,'1967-10-25'),
('Katherine','Smith',8,'1939-09-15'),
('Barbara','Robinson',64,'1980-12-31'),
('Miguel','Wilkinson',14,'1962-06-23'),
('Amy','Cunningham',4,'1941-09-24'),
('Ryan','Johnson',106,'1945-02-07'),
('Scott','Evans',183,'1979-11-17'),
('Derek','Swanson',20,'1935-08-09'),
('Monique','Hickman',189,'1985-12-20'),
('Leonard','Castro',141,'1969-12-15'),
('Todd','Prince',26,'1980-03-01'),
('Thomas','Thomas',171,'1988-01-20'),
('Mr.','Brian',113,'1967-07-03'),
('Gina','Li',101,'1983-04-19'),
('Debra','Galvan',105,'1987-02-03'),
('Glenn','Randall',117,'1999-03-25'),
('Amber','Lambert',164,'1966-04-17'),
('Donna','Crawford',129,'1954-10-26'),
('April','Dixon',88,'1955-06-17'),
('Brittney','Petersen',54,'1955-09-15'),
('Teresa','Moreno',65,'1956-03-26'),
('Timothy','Graham',22,'1941-04-04'),
('Anthony','White',179,'1992-12-24'),
('Cheryl','Wood',38,'1932-10-06'),
('Jacqueline','Gardner',196,'1956-09-21'),
('Michael','Hancock',120,'1984-12-04'),
('Wayne','Waters',50,'1953-07-19'),
('James','Dunn',103,'1945-05-03'),
('Lori','Maxwell',64,'1988-04-11'),
('Beverly','Lawrence',12,'1997-10-01'),
('Krista','Maldonado',179,'1993-03-18'),
('Emily','Martinez',143,'1966-07-22'),
('Brandon','Cooke',6,'1942-12-06'),
('Kenneth','Scott',152,'1933-07-03'),
('Kenneth','Stewart',108,'1940-02-17'),
('Robert','King',195,'1984-11-18'),
('Matthew','Luna',25,'1959-07-25'),
('Andrea','Dennis',63,'1930-07-02'),
('Elizabeth','Becker',171,'1942-04-29'),
('Teresa','Moore',102,'1945-06-13'),
('James','Griffin',27,'1992-01-07'),
('Edward','Smith',196,'1943-01-06'),
('Lori','Brown',193,'1979-12-21'),
('Diana','Simon',56,'1941-06-22'),
('Joseph','Logan',125,'1954-10-05'),
('Kristin','Cook',9,'1994-09-10'),
('Maxwell','Ward',7,'1942-01-06'),
('Michael','Hart',36,'1971-11-20'),
('Tracy','Cameron',5,'1967-01-06'),
('James','Maldonado',110,'1976-07-04'),
('Denise','Foley',139,'1953-06-05'),
('James','Hunter',19,'2000-08-19'),
('Casey','Stewart',23,'1938-04-01'),
('Erika','Woods',66,'1979-02-28'),
('Juan','Hodges',9,'1978-01-21'),
('Valerie','Cortez',10,'1999-01-16'),
('Cynthia','Cruz',81,'1931-02-27'),
('Bridget','Roberts',30,'1977-01-11'),
('April','Evans',76,'1990-01-23'),
