('Laurie league',34,44,1908),
('Jacob league',40,86,1852),
('Billy league',111,77,1963),
('Brent league',148,94,1948),
('Kimberly league',195,86,1999),
('Laurie league',56,43,1887),
('Laura league',40,26,1974),
('Patrick league',80,25,1933),
('Julie league',42,41,1941),
('Hannah league',92,85,1863),
('Brandy league',113,38,1867),
('Jeremy league',22,42,1917),
('Danielle league',146,93,1908),
('Paul league',133,88,1859),
('Cheryl league',130,28,1901),
('Brandy league',106,30,1853),
('Laura league',34,13,1921),
('Steven league',162,73,1882),
('Michael league',149,84,1878),
('Alan league',27,68,1884),
('Denise league',20,59,1883),
('Shane league',2,37,1975),
('Ethan league',111,15,1938),
('Denise league',32,39,1892),
('Emma league',200,70,1963),
('Robert league',123,11,1934),
('Christopher league',47,87,1996),
('Alicia league',186,69,1942),
('Austin league',142,95,1873),
('Steven league',53,85,1907),
('Alicia league',100,12,1881),
('Jeffrey league',140,75,2001),
('Alice league',127,41,1993),
('Sheila league',163,70,1873),
('Caitlin league',62,70,2019),
('Thomas league',30,38,1886),
('Rebecca league',3,16,1856),
('Kristen league',194,66,1912),
('Danielle league',121,60,1857),
('Charles league',37,39,1907),
('Jerry league',2,3,1912),
('Kaitlyn league',120,35,1963),
('Joseph league',28,18,1852),
('Chase league',94,42,1867),
('Vanessa league',186,43,1984),
('Terry league',17,6,1894),
('William league',188,97,1863),
('Virginia league',63,25,1885),
('Lindsay league',40,24,1852),
('Kevin league',27,61,1934),
('Joshua league',58,92,1972),
('Heather league',42,79,1879),
('Madeline league',172,69,1905),
('Kevin league',195,93,1944),
('Angelica league',74,12,1970),
('Janet league',114,47,1980),
('Gregory league',176,3,2016),
('Brian league',168,68,2011),
('Amy league',182,87,1951),
('Daniel league',1,80,1983),
('Jamie league',88,79,1857),
('Kathryn league',151,28,1850),
('Christina league',100,57,1892),
('Elizabeth league',107,67,1880),
('John league',191,84,1981),
('Ashley league',191,60,2003),
('Michael league',198,53,1922),
('Todd league',175,12,1954),
('Kimberly league',193,86,2013),
('Kelly league',67,4,1898),
('Tara league',107,19,1921),
('Ryan league',100,2,1966),
('Mary league',150,92,1929),
('Nancy league',65,58,1868),
('Kathy league',132,68,2022),
('Nicole league',157,41,1869),
('Selena league',26,33,1863),
('Christine league',157,65,2009),
('Raymond league',113,76,1903),
('Monica league',146,67,2018),
('Jade league',138,82,1893),
('Jordan league',105,18,1961),
('Zachary league',99,71,1913),
('Jose league',81,38,1921),
('Teresa league',53,7,1907),
('Stephanie league',142,99,1958),
('Mary league',105,18,1946),
('Amanda league',90,98,1987),
('Jody league',165,45,1987),
('Mariah league',198,64,1985),
('Melissa league',188,21,1939),
('Dr. league',172,10,1989),
('Sarah league',58,7,1899),
('Brandon league',42,69,1853),
('Patrick league',177,78,1851),
('Jason league',97,95,1888),
('Julie league',127,92,1910),
('Tonya league',83,7,1884),
('Brianna league',117,51,1884),
('Kaitlyn league',197,42,1949),
('Derek league',151,81,1924),
('Amy league',191,53,2013),
('Travis league',59,46,1893),
('Christopher league',64,73,1992),
('Rhonda league',65,62,1923),
('Patrick league',87,99,1859),
('Sharon league',182,87,1926),
('Leah league',86,89,2006),
('Tiffany league',18,64,1956),
('Jason league',5,21,1979),
('Summer league',162,23,1960),
('Andrew league',55,47,1971),
('Kristen league',91,15,1857),
('Christopher league',145,9,1915),
('Karen league',80,4,1995),
('Lisa league',157,83,1884),
('Jennifer league',166,74,2014),
('Ricardo league',103,67,2019),
('Donald league',179,36,2007),
('Julia league',56,28,1886),
('Carla league',33,89,1983),
('Angela league',180,51,1853),
('Michelle league',196,78,1886),
('Daisy league',48,27,1921),
('Tyler league',123,65,1918),
('Pamela league',152,92,2007),
('Danielle league',87,13,1890),
('Gabriela league',27,63,1993),
('Amanda league',61,56,1918),
('Caitlin league',156,9,1877),
('Christopher league',149,76,1933),
('Valerie league',82,10,1979),
('Margaret league',8,14,1860),
('Diana league',104,34,1993),
('Isaiah league',54,71,1963),
('Erin league',123,9,1884),
('Carrie league',28,51,1948),
('Anthony league',129,60,1947),
('Jacob league',20,29,1885),
('Mrs. league',29,79,1862),
('Sherry league',24,60,1898),
('Jeffery league',171,19,1863),
('Lindsay league',133,82,1983),
('Jeffrey league',8,6,1870),
('Deanna league',31,37,1897),
('Krista league',112,11,1948),
('Suzanne league',200,75,1876),
('Bobby league',159,77,1850),
('David league',177,57,1928),
('Nicholas league',4,15,2018),
('Luis league',96,48,2008),
('Sharon league',183,22,1883),
('Angelica league',200,57,1999),
('Joseph league',116,56,1963),
('Sally league',89,52,1886),
('Stephanie league',105,32,1891),
('Darlene league',151,64,1923),
('Angel league',175,27,1902),
('Andrea league',166,16,1923),
('Jennifer league',100,21,1881),
('Bonnie league',155,62,1936),
('Victor league',125,40,1981),
('William league',84,41,2003),
('Felicia league',40,86,1987),
('Cody league',145,2,1985),
('Karina league',28,98,1970),
('Jared league',47,95,1975),
('David league',21,49,1932),
('Jesse league',90,9,1965),
('David league',193,98,1955),
('Eric league',74,36,1986),
('Kristi league',169,40,2007),
('Nathan league',194,51,1905),
('Katie league',33,48,1856),
('Eric league',51,23,1957),
('Daniel league',183,74,1981),
('Dawn league',8,54,1955),
('Anthony league',69,81,2010),
('Brian league',75,88,1964),
('Julie league',162,75,1855),
('Brandi league',182,36,1931),
('Melanie league',15,3,1968),
('Leslie league',8,54,1897),
('Dylan league',140,19,1996),
('Stephanie league',49,16,1954),
('Claudia league',6,63,1938),
('Isabella league',50,78,2014),
('Jesse league',56,92,1997),
('Edward league',35,64,1900),
('Joshua league',17,69,2017),
('Jamie league',96,39,1877),
('Jose league',64,90,1981),
('Derek league',142,46,2017),
('William league',57,2,1962),
('Michael league',144,76,1942),
('Stephanie league',145,15,1948),
('Ethan league',153,48,1985),
('Laura league',156,96,1888),
('Jeffrey league',107,11,1995),
('Gabriel league',118,27,2014),
('Stephanie league',172,42,1968),
('David league',195,51,1988),
('Christian league',60,85,2016),
('Meghan league',126,11,1998),
('Debra league',164,51,1954),
('Dr. league',194,14,2010),
('Gregory league',181,64,2003),
('Alexander league',40,54,1949),
('Jeffrey league',67,15,1866),
('Laurie league',98,23,2014),
('Matthew league',25,37,1958),
('Mario league',151,18,1851),
('Bryan league',78,69,2018),
('Veronica league',191,100,1925),
('Mark league',124,66,2006),
('Jacob league',39,66,1894),
('Jose league',131,61,1984),
('Zachary league',130,72,1948),
('Sara league',102,72,1887),
('Jennifer league',185,18,1914),
('Ashley league',80,7,1865),
('Brittney league',21,33,1954),
('Mr. league',141,6,1897),
('Michelle league',53,44,1894),
('Terry league',104,64,1892),
('Melissa league',163,94,1899),
('Bruce league',71,65,1898),
('Chad league',64,8,1953),
('Cory league',196,89,1967),
('Kathleen league',64,45,1944),
('Anthony league',96,14,1908),
('Richard league',54,94,1869),
('Richard league',37,87,1981),
('Daniel league',131,14,1916),
('Rachel league',106,45,1896),
('Kelli league',190,20,1950),
('Sarah league',189,60,1854),
('Brittney league',90,63,1913),
('Deborah league',2,27,1907),
('Michael league',57,79,1863),
('Joseph league',68,80,1923),
('Meagan league',154,33,1903),
('John league',169,96,1893),
('Anthony league',180,56,1963),
('Arthur league',69,24,1980),
('Megan league',154,17,1867),
('Jessica league',163,77,1854),
('Justin league',142,77,1969),
('Rachel league',136,64,1922),
('Corey league',42,68,1889),
('Virginia league',187,32,1988),
('Deanna league',120,71,1984),
('Christy league',144,3,1863),
('David league',59,21,1938),
('Mary league',143,79,1944),
('James league',95,63,1900),
('Abigail league',170,22,1970),
('Thomas league',28,9,1957),
('Ruben league',9,60,1905),
('Susan league',7,36,1943),
('Monica league',52,18,2004),
('Chad league',17,35,1926),
('Omar league',168,58,1887),
('Shawn league',67,98,1879),
('Edward league',160,54,1950),
('Ian league',67,94,1968),
('Cody league',187,29,2001),
('Brian league',50,22,1864),
('Rhonda league',118,70,1991),
('Patrick league',26,55,1997),
('Jenna league',41,18,2001),
('Jeffrey league',196,60,1863),
('Bonnie league',62,21,1868),
('Christopher league',146,79,1990),
('Richard league',7,97,1931),
('Jessica league',114,6,1864),
('Cynthia league',57,72,1886),
('Daniel league',48,48,1931),
('Tammy league',88,11,1993),
('Margaret league',149,71,1963),
('Angelica league',89,67,1904),
('John league',17,56,1893),
('Kristy league',86,65,2001),
('Carly league',89,3,1972),
('Brittney league',79,48,1968),
('James league',199,33,1866),
('Tony league',140,67,2016),
('Marie league',181,56,2016),
('Alicia league',87,18,1986),
('Cassie league',189,96,1876),
('Kelly league',10,2,1909),
('Jessica league',17,80,1866),
('Miss league',31,96,1886),
('Sydney league',142,74,1935),
('Erin league',47,19,1892),
('Mario league',54,53,1949),
('Joe league',39,49,2004),
('Shawn league',135,33,1948),
('Tina league',166,54,2022),
('Jared league',131,14,1887),
('Keith league',159,63,1972),
('Carol league',190,6,1865),
('Megan league',125,39,1969),
('Alexander league',183,28,1901),
('Cheryl league',76,83,1863),
('John league',191,60,2003),
('Gabriel league',26,56,1957),
('Thomas league',151,9,1867),
('Ashley league',13,26,1889),
('Rhonda league',80,11,1996),
('Kevin league',122,86,1970),
('Angela league',25,98,1907),
('Kara league',138,14,1932),
('Diane league',12,59,2011),
('Lindsay league',111,8,1874),
('Michael league',80,2,1877),
('Wendy league',103,53,1884),
('Stacey league',152,85,1985),
('Joseph league',168,14,1984),
('Jonathan league',17,59,1979),
('Dr. league',73,61,1894),
('James league',176,47,1936),
('Wendy league',79,91,1861),
('Stephanie league',116,3,1900),
('Zachary league',18,50,1897),
('Jimmy league',74,93,1920),
('Alan league',85,33,1888),
('Leslie league',66,26,1942),
('Danielle league',151,76,1908),
('Chad league',82,44,1918),
('Vincent league',96,76,1947),
('Michael league',196,8,1883),
('Gary league',149,8,1919),
('Rachel league',9,83,1880),
('Raymond league',87,34,1976),
('Brian league',51,27,1863),
('Timothy league',178,46,1911),
('Gregory league',28,73,1900),
('David league',151,25,1934),
('Vickie league',128,97,1934),
('Francisco league',60,45,1925),
('Brian league',110,25,1918),
('David league',59,5,2005),
('Kelly league',115,16,1942),
('Steve league',109,3,1874),
('Christopher league',38,67,1973),
('Christopher league',171,60,1925),
('Kenneth league',49,74,1959),
('Karen league',55,53,2004),
('Caleb league',164,87,1955),
('Michael league',176,27,1870),
('Kimberly league',174,21,1893),
('Emily league',18,83,1898),
('Hannah league',152,45,2013),
('Lynn league',16,65,2006),
('Dwayne league',150,5,1993),
('Wendy league',189,64,1884),
('Amanda league',128,8,1957),
('Ricky league',75,38,1998),
('Mark league',196,90,1943),
('Timothy league',85,26,1921),
('Ms. league',174,83,1961),
('Carolyn league',172,92,1889),
('Rachel league',94,20,1958),
('Mariah league',197,87,1947),
('Shelby league',49,98,2008),
('Rebecca league',35,9,2004),
('Ms. league',64,76,1883),
('Danny league',28,5,1965),
('Kenneth league',30,98,2021),
('Adam league',86,15,1887),
('Stacy league',180,48,1916),
('Javier league',46,99,1850),
('Lisa league',67,63,1876),
('Roger league',176,40,2006),
('Kristin league',156,70,1996),
('Devon league',88,85,1925),
('David league',108,6,1928),
('Joshua league',99,96,1939),
('Donna league',105,24,1963),
('Aaron league',112,96,1897),
('John league',166,38,1855),
('Andrew league',115,17,2013),
('Erin league',168,88,2016),
('Micheal league',146,19,1936),
('Gwendolyn league',63,13,1867),
('Lindsay league',157,83,1974),
('Julie league',191,28,1874),
('Dr. league',193,25,1992),
('Christopher league',4,27,1938),
('Craig league',10,48,1965),
('Carlos league',89,21,1907),
('Shawna league',125,87,1999),
('Robert league',125,34,1942),
('Brenda league',123,54,1930),
('Angela league',114,86,1879),
('Luis league',49,94,1862),
('Kurt league',32,30,1932),
('Jessica league',115,63,1877),
('Taylor league',70,3,1964),
('William league',13,83,1963),
('Jeremy league',46,22,1877),
('Vanessa league',137,92,1996),
('Anthony league',175,48,1941),
('Victoria league',153,81,1875),
('Michael league',171,59,1976),
('Shawn league',144,44,1927),
('Zachary league',11,69,2022),
('Morgan league',191,50,2012),
('Sierra league',82,18,1981),
('Justin league',37,3,2005),
('Jill league',42,61,1884),
('Patricia league',138,18,1870),
('Sydney league',29,27,1926),
('Billy league',129,74,1860),
('Valerie league',58,30,2017),
('Michele league',19,93,1889),
('Carlos league',77,79,1964),
('Daniel league',23,67,1857),
('Terry league',196,30,1901),
('Alexander league',192,43,1889),
('Emily league',26,67,1969),
('Brooke league',136,28,1972),
('Amanda league',183,42,2021),
('John league',183,4,1898),
('Anthony league',137,17,2015),
('Caitlin league',196,10,1984),
('Sandra league',29,96,1855),
('Shawn league',50,55,1946),
('Brenda league',149,81,1958),
('Stephanie league',7,24,1921),
('Nicole league',132,3,1888),
('Vanessa league',105,93,1955),
('Morgan league',41,36,1928),
('Allison league',159,79,1926),
('Alicia league',189,58,1909),
('Stacey league',171,51,1967),
('Heather league',49,85,1890),
('Gabriella league',120,39,2005),
('Gerald league',167,78,1873),
('Jonathan league',61,44,1961),
('Courtney league',150,62,1869),
('Anne league',21,27,2022),
('David league',199,87,2005),
('Sarah league',74,72,1950),
('John league',117,34,1921),
('Dawn league',135,24,1862),
('Caitlin league',22,39,1968),
('Kerry league',162,66,1911),
('Mr. league',108,2,1912),
('Jose league',31,67,1991),
('Mr. league',83,24,1853),
('Eric league',170,30,1891),
('Trevor league',135,65,1924),
('Cynthia league',160,26,1956),
('Carly league',74,34,2021),
('Cindy league',74,23,1920),
('Pamela league',23,85,1918),
('Maria league',136,19,1936),
('Brandon league',159,81,1898),
('Jessica league',25,86,1967),
('Brandy league',65,59,1860),
('Melanie league',27,55,1883),
('Jessica league',8,99,1999),
('Michelle league',65,17,1988),
('David league',176,41,1915),
('Stephanie league',87,38,1904),
('Pamela league',62,31,1930),
('Lauren league',93,73,1952),
('John league',108,60,1898),
('Cody league',31,54,1934),
('Christopher league',123,19,1930),
('Shawn league',149,73,1998),
('Robert league',158,92,1965),
('Scott league',138,52,1969),
('Kim league',165,88,1996),
('Mark league',80,89,1892),
('Erica league',128,18,1933),
('Luis league',47,44,1870),
('Beth league',25,60,1860),
('Jonathan league',103,20,2004),
('Mrs. league',174,48,2008),
('James league',82,79,1862),
('Evelyn league',8,64,1863),
('Justin league',55,97,1990),
('Carol league',81,73,1946),
('Amanda league',40,45,1857),
('Michael league',136,78,2004),
('Kathy league',53,29,2007),
('Edward league',160,85,1860),
('Alexander league',189,80,1956),
('Melvin league',40,62,1925),
('Ryan league',141,40,1895),
('Mark league',145,64,1882),
('Carla league',141,28,1950),
('Monica league',62,83,1964),
('Andre league',34,81,1986),
('Patrick league',73,49,1997),
('Mr. league',152,19,1968),
('Paula league',71,91,1872),
('Michael league',190,10,2009),
('Antonio league',51,12,1989),
('Jennifer league',128,71,1894),
('Christina league',66,7,1957),
('Benjamin league',126,99,1882),
('Amber league',170,5,2003),
('Cheryl league',167,2,1904),
('Christopher league',8,77,1921),
('Gregory league',169,62,1872),
('Marilyn league',69,71,1984),
('Tracey league',16,42,1983),
('Kristina league',105,28,1852),
('Paula league',41,36,1997),
('Doris league',186,52,1992),
('Susan league',31,28,2009),
('Maria league',2,2,1882),
('Joshua league',39,72,1858),
('Tracy league',145,45,1993),
('Chris league',106,50,1921),
('Adam league',27,75,1855),
('Zachary league',8,43,1906),
('David league',184,4,1874),
('Austin league',38,35,1918),
('Ruben league',174,50,2006),
('Paul league',27,61,1878),
('Crystal league',83,90,1997),
('Daniel league',40,56,1987),
('Michael league',47,68,1937),
('Eileen league',189,31,1879),
('Erika league',36,44,2015),
('Kimberly league',173,31,2022),
('Marisa league',87,56,1893),
('Jacob league',107,36,1905),
('Patricia league',38,79,1953),
('Laura league',104,75,1856),
('Andrew league',10,48,1911),
('Justin league',19,52,1858),
('Glenn league',4,11,1929),
('Natalie league',174,84,1981),
('Jack league',118,50,1894),
('Jennifer league',133,20,2002),
('Adam league',164,72,1944),
('John league',69,24,2002),
('Benjamin league',164,10,1884),
('Donna league',39,48,1992),
('Elizabeth league',125,81,1908),
('Paul league',128,85,1972),
('Mary league',74,52,1893),
('Richard league',131,10,1997),
('Ralph league',186,59,1891),
('Evelyn league',53,39,2005),
('Kelsey league',138,36,1946),
('Bianca league',2,60,1875),
('Joel league',188,51,1988),
('Seth league',98,16,2004),
('Michael league',141,92,1939),
('Mary league',142,72,1987),
('William league',141,43,1854),
('Megan league',7,84,1987),
('Kevin league',8,72,1954),
('David league',68,77,1868),
('Tina league',128,85,1919),
('Bryan league',134,41,1864),
('Kimberly league',25,53,1853),
('Justin league',51,44,1947),
('Gerald league',70,46,1962),
('Michaela league',143,88,1995),
('Kristin league',159,32,1998),
('Anthony league',10,14,1889),
('Michael league',111,37,1938),
('Danielle league',78,100,2019),
('Terry league',47,88,2017),
('Kayla league',96,78,1863),
('Christopher league',11,16,1931),
('Sierra league',197,23,1927),
('Stanley league',84,83,1854),
('Justin league',153,2,1899),
('Tara league',194,15,1898),
('David league',132,90,1996),
('Tyler league',14,27,1951),
('Nicole league',43,93,1944),
('Rachel league',53,58,1922),
('Christopher league',184,20,1962),
('Roy league',157,27,2002),
('Cindy league',54,72,1869),
('Crystal league',145,35,1907),
('Emily league',50,94,1984),
('Angela league',140,96,1859),
('Jessica league',11,72,1914),
('Tonya league',175,39,1856),
('Julia league',27,7,2002),
('Christopher league',187,33,1903),
('Valerie league',77,34,1860),
('Leslie league',3,54,2008),
('Alexander league',35,57,1960),
('Melissa league',91,100,1927),
('Jeffrey league',32,19,1957),
('Dale league',166,90,1998),
('Herbert league',125,7,1915),
('Tara league',69,15,1919),
('John league',82,57,1859),
('John league',67,73,1885),
('Richard league',117,42,1899),
('James league',150,78,1887),
('Brandon league',189,34,1976),
('Travis league',190,66,1999),
('Heather league',60,96,1948),
('Mark league',2,48,1927),
('John league',20,63,1860),
('Beverly league',89,35,1861),
('Kimberly league',185,99,2004),
('Randy league',176,64,1878),
('Aaron league',165,24,2012),
('Richard league',91,55,1960),
('Travis league',34,15,1891),
('Tiffany league',142,61,2011),
('Jamie league',140,22,1974),
('Jose league',31,89,1924),
('Peter league',71,97,1948),
('Jordan league',128,74,1936),
('Jordan league',63,42,1852),
('Brent league',118,57,1897),
('Julie league',102,21,1888),
('Yvonne league',52,97,1902),
('Michele league',132,79,1978),
('Timothy league',156,44,1987),
('Christopher league',89,57,1917),
('Corey league',155,65,2013),
('Patricia league',187,20,1874),
('Meghan league',146,28,2011),
('Anthony league',181,60,1925),
('Jane league',6,92,1887),
('Ruben league',45,93,2017),
('John league',171,28,1879),
('Sandra league',188,30,1880),
('Ashley league',90,71,1952),
('Mrs. league',159,97,1853),
('Robert league',139,16,1961),
('Willie league',87,79,1909),
('Angela league',147,44,1987),
('Patricia league',137,52,1945),
('Warren league',72,98,1982),
('Mary league',81,17,1976),
('Eric league',3,35,1871),
('Alexander league',68,75,1913),
('Erica league',3,4,2015),
('Erica league',110,45,1981),
('Anthony league',123,11,1911),
('Marc league',160,85,1978),
('Erin league',183,53,1909),
('Angela league',80,44,1988),
('Candice league',139,85,1879),
('Nathan league',49,37,1995),
('Angela league',68,79,1970),
('Vanessa league',86,95,1858),
('Laura league',17,12,1938),
('Bonnie league',35,98,1911),
('Joshua league',90,29,1864),
('Brandon league',166,90,1997),
('Marie league',56,43,2021),
('Gary league',65,62,1910),
('Taylor league',182,67,1994),
('Kevin league',145,31,2003),
('Jonathan league',116,88,1966),
('Michael league',158,4,1926),
('Katie league',57,82,1894),
('Maria league',34,26,1868),
('Brett league',51,39,1870),
('Ashley league',91,7,1907),
('Marco league',200,86,1971),
('Denise league',133,51,1996),
('Bryan league',119,6,1943),
('Patrick league',8,95,1996),
('Melissa league',117,72,1857),
('Eric league',170,26,1906),
('David league',30,38,1968),
('Jessica league',79,45,1948),
('Rachael league',113,13,1856),
('William league',163,42,1977),
('Justin league',170,49,1863),
('Jennifer league',86,36,1882),
('Angela league',4,32,1869),
('Samantha league',46,66,1995),
('Michael league',90,63,1880),
('Michael league',43,69,1965),
('Tammy league',162,70,1881),
('Katherine league',177,3,1977),
('Kimberly league',180,74,1879),
('Jodi league',46,63,1924),
('Rebecca league',186,90,1917),
('James league',89,48,1877),
('Erin league',24,26,1868),
('Lindsay league',68,34,1872),
('Shawn league',103,63,1902),
('Dylan league',175,74,2011),
('Matthew league',151,66,1887),
('Michael league',198,5,1864),
('Regina league',95,99,1920),
('Shelly league',117,8,1951),
('Bradley league',126,7,1870),
('Christina league',198,44,1986),
('Richard league',158,34,1939),
('Mark league',139,60,1930),
('Jeffrey league',14,7,1859),
('Ashley league',7,47,2009),
('Jill league',91,37,1911),
('Brian league',31,59,1884),
('Meghan league',98,77,1895),
('Joseph league',78,48,1921),
('Karen league',53,57,1906),
('Paul league',154,39,2017),
('Kevin league',86,46,1856),
('Stefanie league',165,55,1967),
('Scott league',112,34,1887),
('Vanessa league',33,44,1960),
('John league',129,51,1991),
('Christopher league',45,15,1997),
('Matthew league',18,15,1916),
('Teresa league',119,44,1885),
('Sarah league',72,54,1913),
('Mrs. league',18,27,2018),
('Caleb league',14,35,1896),
('Chris league',118,43,1867),
('Joseph league',195,74,1858),
('Brittany league',32,17,1904),
('Meghan league',142,17,1916),
('Justin league',152,88,1926),
('Michelle league',13,44,1879),
('Vincent league',200,21,1953),
('Kaitlyn league',156,22,1919),
('Adam league',10,52,2009),
('Christopher league',130,52,1951),
('David league',136,24,1950),
('Mrs. league',70,4,1856),
('Joshua league',152,60,1881),
('Brad league',26,97,1865),
('Russell league',121,27,1909),
('Tracey league',100,10,1883),
('Joseph league',45,66,1980),
('David league',199,76,2003),
('Travis league',125,54,2012),
('Taylor league',156,73,1886),
('Christopher league',52,51,1937),
('Cindy league',72,38,1983),
('Norman league',151,81,1912),
('David league',161,49,1950),
('Stacy league',110,49,1862),
('Stephanie league',56,98,1943),
('Kristen league',78,9,1851),
('Brandon league',169,60,1941),
('Bailey league',31,17,1895),
('Kevin league',168,3,1878),
('Kelsey league',7,38,1999),
('Carolyn league',119,47,1989),
('Christopher league',124,86,2002),
('Lauren league',162,19,1994),
('Joseph league',136,83,1877),
('Bryan league',56,4,2018),
('Madison league',165,19,1902),
('Mrs. league',24,23,1978),
('Gary league',36,51,1895),
('Nicholas league',11,42,1990),
('Michael league',53,52,1909),
('Robert league',156,80,1991),
('Megan league',148,7,1978),
('Lauren league',195,8,1860),
('Janice league',3,40,1992),
('Diane league',34,77,1949),
('Amber league',184,21,1886),
('David league',68,82,1862),
('Natalie league',69,30,1851),
('Ryan league',67,70,1868),
('Beverly league',182,38,1925),
('Jesus league',51,23,1980),
('Alice league',143,61,2003),
('James league',6,78,1855),
('Colleen league',53,2,1912),
('John league',188,98,1880),
('Julie league',147,27,1964),
('William league',140,51,1866),
('Samuel league',149,24,1912),
('Lori league',126,76,1996),
('Jeffrey league',61,83,2005),
('Jasmine league',185,82,1984),
('Joseph league',80,16,1973),
('Elizabeth league',92,67,1995),
('Kristy league',7,61,1990),
('Jessica league',28,20,1919),
('Carmen league',27,52,1983),
('Heather league',12,43,1901),
('Benjamin league',46,68,1912),
('Amanda league',82,97,1963),
('Caitlin league',61,9,1860),
('Reginald league',79,29,1926),
('Amanda league',171,87,1909),
('Donna league',189,64,1979),
('Robert league',48,46,1903),
('Paige league',97,20,1978),
('Patrick league',199,54,1850),
('Paul league',39,40,1961),
('Alexandra league',150,64,1997),
('Rita league',162,67,1905),
('Michael league',59,66,1876),
('Paul league',14,23,1986),
('Katherine league',2,94,1892),
('Michael league',79,86,2009),
('Joseph league',168,46,2013),
('Herbert league',63,81,1978),
('Mark league',44,94,1998),
('Lindsay league',43,28,1905),
('Linda league',15,75,1977),
('David league',37,34,1915),
('Vanessa league',187,90,1925),
('Jose league',127,20,1869),
('Melanie league',17,3,1995),
('Erik league',124,71,2015),
('Marisa league',56,33,1977),
('Alicia league',93,29,1988),
('Stephanie league',72,98,1890),
('William league',140,60,1886),
('Gene league',105,90,1977),
('Juan league',116,96,1872),
('James league',167,67,1873),
('Michael league',117,36,1905),
('Joseph league',94,87,1959),
('April league',30,75,2010),
('Carly league',125,23,1850),
('Nathaniel league',138,19,1979),
('Beth league',40,52,1956),
('Richard league',57,69,2009),
('Helen league',185,58,1923),
('Stephen league',99,99,1954),
('Ian league',119,24,2014),
('John league',137,65,1923),
('Mr. league',139,43,1989),
('Robert league',179,75,1882),
('Cristian league',171,9,2003),
('Rachel league',135,83,1853),
('Sarah league',64,67,1855),
('Louis league',192,38,1895),
('Dr. league',74,99,2012),
('Kaitlyn league',28,27,1938),
('Brandon league',43,49,1942),
('David league',29,8,1954),
('Jonathan league',116,75,2005),
('Andrea league',63,25,1984),
('Jacob league',105,53,1869),
('Michael league',38,91,1859),
('Katie league',88,55,1867),
('Kenneth league',123,62,1973),
('Lindsey league',86,45,1942),
('Ashley league',39,16,1946),
('Sarah league',166,84,1947),
('Arthur league',91,61,1980),
('Karen league',176,99,1850),
('John league',135,75,1986),
('Juan league',98,54,1890),
('Carl league',135,36,1956),
('Ashley league',53,44,1969),
('Brittany league',95,88,1862),
('Anthony league',31,91,2009),
('Richard league',94,78,1975),
('Casey league',59,42,1999),
('Hunter league',122,71,1912),
('Donald league',178,92,1940),
('Ryan league',193,100,2005),
('Kevin league',71,46,1869),
('Rachel league',100,44,1938),
('Toni league',92,73,1969),
('Colleen league',25,5,2011),
('Amy league',193,83,1863),
('Vickie league',67,31,1938),
('Sharon league',127,26,1973),
('Christopher league',30,98,1898),
('Corey league',197,38,1909),
('Martin league',44,74,1892),
('Mr. league',169,71,1879),
('Rick league',168,56,1996),
('David league',103,56,1922),
('Patrick league',68,18,1957),
('David league',98,49,1907),
('Tammy league',118,62,1889),
('Lisa league',144,17,1914),
('Andrea league',48,93,1894),
('Nathan league',146,22,1942),
('Stephanie league',85,50,1877),
('Jesse league',193,67,1969),
('Jimmy league',124,87,2018),
('Matthew league',137,87,1915),
('Louis league',61,36,1933),
('Courtney league',21,34,1906),
('Caleb league',85,91,1871),
('Robert league',87,99,1892),
('Danielle league',103,51,2000),
('Joseph league',37,78,2006),
('Joseph league',35,5,1896),
('Joseph league',13,26,1943),
('Patty league',67,64,1967),
('Christopher league',7,80,1981),
('Brandon league',1,74,1868),
('Troy league',158,70,1996),
('Bryan league',111,18,1882),
('Michelle league',165,9,1967),
('Jonathan league',181,67,1915),
('Carrie league',20,94,1920),
('Cynthia league',53,65,1853),
('David league',155,9,1993),
('John league',26,12,2005),
('Kimberly league',36,49,2016),
('Jerome league',76,9,1882),
('Richard league',79,20,1982),
('Russell league',110,2,1861),
('Donna league',19,8,1979),
('Jeffrey league',187,100,1999),
('Paul league',15,24,1937),
('Sarah league',195,96,2007),
('Kristin league',16,92,1934),
('David league',151,46,2002),
('Michael league',39,60,1888),
('Tiffany league',181,69,1895),
('Christopher league',109,18,1852),
('Anthony league',162,61,1963),
('Robert league',95,53,1870),
('Sheila league',18,60,1862),
('David league',168,44,2010),
('Steven league',150,39,1857),
('Kimberly league',181,27,1946),
('Sarah league',111,100,1946),
('Adam league',12,28,1980),
('Laura league',198,63,2003),
('Angela league',49,54,1997),
('Stephanie league',125,52,1916),
('Deborah league',83,35,2021),
('Michelle league',5,13,1913),
('Tyler league',9,100,2018),
('Melissa league',86,31,1919),
('Ashley league',12,71,1876),
('Rachael league',47,53,1929),
('Frank league',22,77,1871),
('Kim league',79,29,1928),
('Christine league',198,8,1960),
('Matthew league',1,38,2017),
('Christopher league',148,20,1962),
('Melinda league',142,58,1900),
('Patricia league',60,32,1962),
('Gregory league',5,3,1954),
('Carl league',22,11,1930),
('Rita league',82,33,1915),
('Dr. league',32,65,2004),
('Marissa league',29,31,1894),
('Frances league',70,66,1964),
('Colleen league',20,66,2004),
('Claudia league',76,90,1872),
('Paul league',19,77,1913),
('Emily league',172,56,1937),
('Nicholas league',76,81,1904),
('Adam league',110,62,1962),
('Tara league',131,25,1867),
('Carla league',53,34,1922),
('Desiree league',188,24,1954),
('Sharon league',42,49,1976),
('Charles league',149,52,1972),
('Zachary league',84,69,1911),
('Julie league',183,60,1970),
('Edward league',161,8,1978),
('Kimberly league',149,37,1973),
('Mark league',170,17,1890),
('Nicholas league',175,96,1913),
('Ashley league',66,72,1882),
('Andrew league',120,9,1894),
('Annette league',51,28,1917),
('Lisa league',5,51,1937),
('Cheryl league',56,68,2014),
('Valerie league',141,12,1962),
('Joseph league',42,66,1949),
('Brittney league',152,57,1937),
('Tammy league',84,29,1895),
('Jeffrey league',200,5,1966),
('Michael league',56,90,1851),
('David league',133,84,1877),
('Thomas league',176,3,1909),
('Sarah league',104,100,1946),
('Dalton league',50,91,1877),
('Margaret league',166,79,1892),
('Justin league',111,80,1930),
('Mary league',4,63,1940),
('Nicholas league',82,67,1893),
('Marcus league',76,18,1867),
('Briana league',173,93,1969),
('Christopher league',43,46,1914),
('Amber league',64,41,1896),
('Gabriel league',102,76,2004),
('Makayla league',13,21,1972),
('Brandon league',122,10,1863),
('Christopher league',114,56,1858),
('Brandy league',64,81,1971),
('Dr. league',41,6,1988),
('Brian league',65,20,1969),
('Timothy league',192,11,1891),
('Joshua league',109,77,1994),
